week,1038GI-17,10749V2FARS-18,11494FIOREFANE-18,12844RS-19,1603NE-19,18010FANE-18,18042BFAGR-18,19041NE-19,314VM-17,466136NE-17,584325AINE-17,693125NE-17,7911FA-19,9057AINE-19,936625NE-18,980DIORNE-19,A07CL-17,A1619NE-17,A18178NE-19,A4848909OT-19,ALM56334AIBE-17,ALMA7155BE-17,ALMAP18083PECM-18,ALMP18219PEFAGI-18,ALMP18821FA-18,ALMP9115NE-19,AM1459DD70VE-17,ARC805PEAV-18,ASH22236AIPL-19,AXI601NE-17,CHARMFABI-17,D0538R420JE-19,EE21BI-18,EE26NE-19,EE2FANE-19,EU1908GH-17,G18VM-17,G9VE-17,GIA5286B502BE-19,GP918BL-18,GP918GI-18,GP918NE-18,GP918PA-17,HM18257AV-18,K4186T68RS-19,LDVF6337GR-17,LI1103967VI-17,LI16303NE-18,LI4027521STBI-18,LI4051821RS-19,LILYFA-19,LJ16303RS-19,M13NE-19,M5102909DBI-18,M6307VIBL-18,M8674B90BE-18,M9040D1VE-18,M9055NE-19,M9368C707NE-19,MA3949226909FABL-17,ME202FA-17,ME218FA-17,ME241FA-17,ME264ROFANE-18,ME271VE-18,ME799FA-19,MIS833NE-18,N2165FA-19,N2166BI-19,N2175FA-19,NL0116303NE-17,NL355FARO-17,ORSOLAFA-17,P1281E144NE-18,P2042A438BL-17,P2199B552NE-18,P2264A607NE-18,P2312607NE-18,P2439T1RS-18,P3NE-17,SJ20R460JE-18,SLIM2JE-17,SS13FA-17,SS17NE-17,T6080T7T52NE-18,TU07U34NE-19,VA814180MILFA-19,VA818687AIVE-19,VG7354VE-17,VG7960PA-17,VG8143GR-18,VG8174NE-18,VG8185NE-18,VG8203GR-18,VG9044NE-19,VG9109FANE-19,WENDYNE-19,XL2753FA-17,XL3425FA-19,YR1938BL-17
2019-01-06,7,140,102,83,97,114,102,15,90,61,112,78,1,63,65,50,125,122,60,63,0,30,105,142,168,103,84,124,98,0,66,101,64,73,103,66,61,14,98,96,91,51,88,111,61,46,104,103,135,106,1,99,86,116,102,15,104,90,13,97,105,104,101,13,82,34,91,101,0,83,50,155,108,69,87,100,96,94,106,72,92,78,9,118,145,58,63,68,62,115,111,23,84,60,100,138,81,64,130,85
2019-01-13,13,190,160,153,111,157,156,19,123,77,108,120,3,141,120,120,145,122,99,100,181,44,195,228,227,167,0,161,146,27,112,157,102,96,132,65,81,32,141,100,105,65,116,168,91,68,166,147,163,150,1,138,166,177,176,36,123,172,28,216,167,139,122,16,100,40,116,164,173,144,75,137,140,104,98,159,136,94,129,105,181,174,7,162,163,112,125,113,99,212,155,21,153,127,147,192,146,75,145,136
2019-01-20,5,76,84,84,58,69,83,7,67,58,65,70,1,67,65,56,80,90,67,47,109,43,93,93,113,87,79,82,71,26,81,74,71,59,84,30,61,17,71,43,62,36,55,104,43,46,83,78,120,80,1,0,64,99,103,33,65,69,16,82,88,59,73,16,50,31,65,84,78,64,39,89,82,90,60,60,68,79,67,62,57,62,37,86,85,42,66,61,43,96,81,19,64,57,65,118,57,52,77,77
2019-01-27,5,165,120,133,145,138,174,14,116,94,109,112,1,141,131,114,185,153,113,97,169,51,150,155,159,139,113,141,157,41,140,121,105,91,137,59,71,35,145,80,105,98,112,177,99,73,165,145,199,164,0,183,165,197,147,35,151,155,20,145,170,139,135,21,89,51,185,127,125,141,98,116,143,128,126,102,109,140,92,113,114,109,14,153,177,90,104,89,111,129,135,19,106,117,130,194,178,76,184,154
2019-02-03,9,130,94,106,84,72,0,7,93,79,88,105,0,98,77,82,76,97,71,87,125,43,100,129,143,118,85,81,104,29,112,113,78,63,117,27,60,31,75,74,97,61,87,107,61,54,106,85,117,113,0,109,112,133,98,23,117,120,11,123,107,79,88,19,71,38,87,110,116,113,0,119,118,93,81,88,69,119,91,62,100,110,3,120,119,79,82,67,75,136,129,22,88,110,87,157,88,70,115,98
2019-02-10,9,201,0,138,128,134,128,9,111,89,120,125,2,109,115,100,155,125,112,104,141,51,131,223,238,158,135,134,157,49,144,161,113,104,126,45,98,28,126,88,131,81,100,184,104,102,129,164,179,164,0,148,149,168,143,49,160,180,20,161,146,142,124,20,112,57,90,162,173,153,73,135,156,136,129,0,96,150,166,133,119,140,13,176,136,155,89,102,118,123,193,25,122,0,125,225,176,96,162,144
2019-02-17,12,197,171,148,117,166,133,10,130,79,136,127,2,149,122,103,151,121,120,98,156,40,145,220,199,154,136,188,177,45,159,120,115,116,154,44,90,36,149,64,123,68,98,175,100,97,168,181,210,178,0,193,152,189,154,53,150,173,24,169,134,166,131,26,104,49,106,146,139,149,73,175,184,122,100,134,97,170,127,97,117,123,15,201,152,138,72,100,107,188,164,25,122,123,161,196,205,85,153,152
2019-02-24,13,243,149,118,126,121,141,15,144,96,123,89,3,157,126,125,167,166,121,85,135,49,137,271,168,149,129,172,166,47,165,147,116,116,145,34,92,16,170,90,136,84,141,0,90,110,145,180,234,148,3,170,135,132,142,36,188,170,21,175,158,147,123,24,110,44,151,140,126,129,86,153,154,127,106,97,101,149,126,105,227,148,8,202,164,138,90,112,130,188,171,28,134,124,158,258,162,108,162,183
2019-03-03,12,128,102,88,69,89,103,10,84,80,85,106,3,91,100,83,121,97,89,88,136,64,121,141,150,115,82,137,121,52,125,75,89,61,89,35,91,41,100,47,86,56,95,144,63,85,123,94,126,132,0,84,100,119,104,48,114,107,24,159,104,110,92,23,87,49,89,117,98,86,67,102,126,81,84,59,70,101,73,65,113,82,52,110,114,102,75,71,107,131,107,28,121,65,101,127,102,92,111,124
2019-03-10,20,209,120,123,179,223,207,9,160,100,192,171,1,200,152,109,242,237,138,109,187,47,192,289,274,161,155,184,251,48,176,152,149,132,178,43,116,53,225,106,176,85,149,201,117,116,197,260,234,214,2,198,176,175,179,50,170,225,20,280,249,195,197,22,110,50,196,191,146,206,118,184,238,174,155,167,134,200,138,134,188,152,52,238,201,159,155,132,146,178,282,22,158,174,201,274,220,99,235,180
2019-03-17,10,213,128,106,146,172,164,11,115,71,94,159,0,148,115,120,129,149,99,83,125,26,126,236,188,165,140,153,141,28,148,137,108,101,117,15,86,27,126,108,126,73,110,166,117,77,175,129,186,180,1,167,154,0,113,39,146,158,19,250,230,167,0,18,80,51,120,142,167,161,64,197,162,142,114,132,89,139,117,111,166,136,3,176,132,107,135,140,110,169,211,19,129,127,159,203,126,91,166,128
2019-03-24,1,151,64,66,87,107,109,5,76,47,109,95,3,69,69,59,116,84,0,58,113,27,109,114,111,79,81,85,104,20,106,56,66,84,0,15,51,22,118,70,70,40,83,89,75,45,103,116,127,115,1,84,65,128,81,23,84,105,0,133,104,100,99,15,70,27,71,100,121,91,53,119,83,99,79,90,78,71,76,62,83,49,5,101,84,82,75,89,58,93,130,14,0,83,92,91,78,63,123,81
2019-03-31,8,118,100,79,73,117,104,1,71,51,105,105,0,103,80,66,109,87,70,61,100,29,99,104,115,106,97,97,111,14,91,78,69,83,87,23,55,19,99,75,85,53,74,101,56,55,95,89,110,103,2,104,97,136,85,32,98,105,7,142,149,80,102,10,56,27,85,88,98,106,48,127,86,82,74,85,65,87,69,61,115,78,19,119,114,93,90,90,86,84,133,7,90,88,98,130,92,60,115,93
2019-04-07,7,195,94,98,107,180,166,13,119,97,168,120,0,111,104,100,170,109,112,93,112,43,186,135,136,150,123,140,168,25,137,107,106,98,110,32,68,19,138,0,121,67,105,137,64,69,150,167,139,172,1,168,128,159,148,26,132,170,17,170,134,135,117,14,85,43,138,139,134,134,79,163,174,129,104,125,116,95,91,108,140,117,3,164,170,134,128,101,106,155,128,11,126,96,132,208,115,84,0,127
2019-04-14,9,67,52,41,70,86,58,6,73,61,59,43,0,45,61,34,77,71,68,35,75,37,67,60,63,64,75,50,89,23,101,56,72,51,37,34,74,40,78,53,54,45,72,0,54,50,55,99,68,69,0,85,86,58,79,41,51,50,24,88,71,49,64,16,47,41,57,86,90,68,35,61,66,64,55,63,42,58,58,43,68,65,45,59,73,57,55,40,45,56,68,17,68,60,80,62,65,68,50,64
2019-04-21,18,242,163,175,204,236,209,28,120,151,167,156,2,210,169,92,228,175,176,102,229,95,180,188,158,182,201,199,213,61,236,198,200,151,124,64,175,103,165,118,175,89,210,208,168,116,245,185,239,210,1,214,229,200,192,122,200,192,39,270,232,213,201,55,136,97,153,215,197,186,90,236,194,166,155,186,139,143,127,152,256,170,98,170,210,187,131,161,136,231,218,38,154,137,162,0,202,211,174,234
2019-04-28,11,180,155,146,163,182,156,29,142,136,127,151,3,126,131,107,175,144,124,97,182,75,141,132,143,170,149,180,149,52,213,129,162,105,100,52,156,55,178,100,130,72,154,168,113,95,185,126,176,176,3,175,117,179,137,82,152,114,37,200,178,166,145,36,128,84,116,128,169,130,60,196,166,154,96,136,97,120,105,113,160,132,80,180,152,125,112,87,102,175,175,41,149,102,151,200,147,125,166,134
2019-05-05,24,169,159,161,0,243,168,17,128,147,140,185,1,192,159,134,223,174,147,97,230,110,186,219,150,190,174,217,199,65,192,151,151,133,128,40,164,62,164,100,164,91,137,190,118,140,225,202,222,199,1,209,198,222,163,102,210,179,53,234,221,167,137,41,181,0,166,229,198,190,87,180,144,161,166,186,130,143,169,164,152,143,81,216,207,156,149,130,131,218,185,37,167,139,187,245,214,178,200,192
2019-05-12,12,188,91,161,140,152,162,19,122,140,150,166,1,131,126,100,160,139,101,94,195,75,163,236,147,203,0,173,134,68,0,104,125,123,171,49,156,63,225,87,110,78,106,172,90,112,207,140,135,188,4,169,129,180,147,62,119,169,29,168,197,135,126,36,160,54,144,126,124,212,75,143,198,108,126,140,124,168,139,122,157,0,104,182,163,104,124,125,142,171,0,26,151,120,158,222,155,163,155,136
2019-05-19,12,102,93,134,103,151,113,10,117,92,109,144,0,89,110,113,133,73,84,68,165,62,118,190,206,116,125,124,117,50,162,99,105,111,138,37,109,51,94,86,89,43,71,128,64,80,87,115,138,0,5,136,100,132,142,46,126,119,31,164,158,103,120,44,105,41,78,94,127,108,52,135,136,102,106,119,95,101,127,74,114,85,65,112,125,114,71,83,62,154,139,26,113,84,106,179,100,131,125,104
2019-05-26,14,93,73,49,76,75,81,11,104,68,73,72,1,70,91,52,89,85,57,44,99,55,66,75,103,91,65,78,84,48,125,57,61,72,68,31,84,35,88,60,74,33,56,71,56,56,74,78,90,80,1,68,68,90,84,51,65,88,30,85,91,78,64,20,96,41,64,88,54,49,45,83,73,62,65,56,63,95,72,72,98,63,66,98,97,76,62,76,55,115,68,35,62,47,96,124,74,79,86,67
2019-06-02,14,272,187,181,190,192,202,22,121,166,211,173,4,186,177,158,232,209,169,183,294,90,220,238,181,253,224,242,177,84,221,200,155,136,217,53,137,62,252,143,148,82,167,267,142,129,269,228,241,242,2,239,224,247,202,74,258,252,37,278,219,252,180,51,205,75,240,200,189,250,110,172,219,183,158,137,154,210,198,121,200,185,88,244,200,169,167,142,155,241,239,34,181,144,159,264,228,218,235,191
2019-06-09,12,205,130,167,143,171,131,10,120,89,126,126,1,143,155,120,168,146,117,96,207,71,144,215,147,194,156,174,139,46,177,108,115,95,126,28,114,37,184,92,109,64,114,184,95,103,119,145,170,178,4,128,182,156,159,42,185,192,22,171,166,169,145,26,153,62,110,157,158,148,71,202,125,120,124,103,120,140,135,85,169,105,12,171,175,104,117,110,108,211,183,21,105,123,149,169,134,117,168,143
2019-06-16,8,227,152,121,137,180,123,6,170,81,119,126,4,121,114,119,173,153,98,87,164,53,118,199,182,150,142,140,154,37,168,129,126,100,84,25,101,59,164,116,113,76,78,159,67,85,168,158,190,171,3,144,156,150,166,44,172,174,21,193,185,152,165,37,118,52,130,156,155,152,69,121,141,132,124,147,95,122,131,100,164,125,81,147,146,100,87,108,124,150,141,18,124,116,122,174,135,128,121,121
2019-06-23,4,104,82,111,100,126,126,3,107,64,94,111,1,106,102,96,98,102,81,79,153,43,126,148,84,124,128,136,99,36,100,89,80,82,98,25,90,29,84,67,74,68,89,123,76,72,116,132,166,113,1,129,90,101,122,42,126,131,18,152,139,117,114,32,73,47,107,97,105,116,58,114,113,100,96,118,82,102,71,60,122,73,60,114,113,102,84,75,82,138,135,17,91,73,98,99,87,105,117,100
2019-06-30,4,208,144,119,109,163,146,8,143,99,136,126,0,0,122,135,164,114,114,89,201,75,139,244,162,209,136,168,131,42,207,166,143,115,126,35,119,57,161,119,133,84,93,182,88,89,125,168,211,171,0,189,160,152,158,52,181,213,30,232,192,187,144,27,135,52,152,202,120,158,81,190,176,108,142,134,131,102,142,118,164,148,9,163,156,102,125,122,96,196,136,21,153,122,123,165,113,146,147,110
2019-07-07,14,107,75,79,52,102,76,12,0,67,86,83,3,59,89,74,84,77,87,58,110,43,75,60,68,101,111,87,69,36,99,56,66,59,102,32,84,40,68,52,49,58,63,107,64,50,82,65,104,99,2,94,75,90,87,51,97,101,32,106,87,90,68,29,66,45,68,112,94,92,43,84,88,62,67,84,115,71,99,69,88,55,55,81,82,78,55,59,42,76,113,22,62,47,82,82,73,85,106,81
2019-07-14,11,224,200,181,112,186,103,7,126,110,189,162,5,121,107,85,169,123,92,135,219,50,191,170,159,185,150,212,131,38,195,181,133,95,149,22,106,46,140,100,90,88,110,178,73,78,154,132,266,150,1,170,84,162,171,47,157,192,35,240,180,0,130,19,102,52,132,178,149,150,71,192,199,134,123,117,153,139,140,146,215,132,8,185,202,144,105,131,86,191,155,21,179,77,98,159,104,136,213,135
2019-07-21,18,210,184,162,122,152,132,14,138,92,124,153,4,133,153,125,122,180,129,126,188,66,171,169,184,213,0,233,127,64,177,148,160,92,135,22,136,59,179,104,107,100,116,167,115,114,184,129,275,194,1,177,148,166,183,67,171,177,36,226,139,200,187,31,108,75,132,148,203,190,85,248,171,141,132,131,127,159,130,98,184,119,76,202,242,159,124,137,86,175,208,35,146,110,168,164,144,146,185,120
2019-07-28,10,214,123,148,119,123,120,18,130,111,153,147,1,119,108,117,151,114,83,91,172,48,150,148,123,145,106,189,117,42,159,110,105,105,99,27,109,51,147,99,0,75,119,135,83,88,162,161,212,140,0,140,120,202,159,62,205,171,36,198,0,148,99,13,112,51,92,143,136,160,72,182,154,152,129,142,134,137,136,98,181,117,52,214,159,106,86,107,93,171,137,36,112,95,135,151,138,110,155,110
2019-08-04,14,230,151,172,119,171,173,0,111,119,141,165,4,148,137,137,201,174,127,126,175,75,160,164,147,203,165,195,214,45,157,144,145,141,128,35,141,72,212,100,134,80,157,153,104,108,176,197,226,172,0,195,160,239,173,72,222,203,46,189,213,172,118,22,107,69,146,178,151,186,88,192,170,171,154,173,117,171,164,136,162,154,77,232,195,156,153,123,96,205,221,43,209,117,141,226,152,130,183,143
2019-08-11,19,142,141,147,136,212,188,15,143,105,144,144,0,169,161,114,221,99,134,103,255,51,186,178,180,175,133,194,264,38,185,132,109,107,109,22,161,54,205,103,108,79,137,163,121,86,234,193,168,138,0,220,125,211,183,74,177,154,39,189,171,169,150,27,80,68,193,147,168,160,70,202,162,122,120,129,104,174,99,0,163,111,78,0,149,102,76,92,107,199,206,34,156,122,197,181,200,135,155,150
2019-08-18,17,148,105,112,113,135,123,18,103,100,99,104,1,92,120,90,150,108,90,86,122,63,125,136,125,154,94,120,140,57,147,123,139,80,80,30,92,82,103,82,85,74,110,126,82,76,155,136,174,91,1,157,105,128,165,66,110,144,35,141,144,100,95,39,65,56,143,150,116,135,64,94,106,128,107,87,89,115,104,74,164,131,78,140,156,0,72,88,54,169,116,32,96,92,110,117,129,145,121,97
2019-08-25,18,212,151,127,144,122,158,15,109,126,150,134,3,118,138,102,153,151,124,99,133,71,132,226,184,149,142,152,111,48,188,116,115,93,134,26,118,71,155,93,97,73,111,141,130,77,126,0,227,163,0,145,165,147,134,87,139,183,40,230,169,192,137,32,86,70,107,189,213,170,72,167,133,130,120,113,154,106,176,73,114,124,93,188,198,98,113,127,72,201,227,32,131,130,133,215,147,138,180,179
2019-09-01,18,249,208,214,125,186,202,20,103,163,169,192,1,126,166,106,220,194,153,138,204,79,177,191,195,243,187,197,193,59,193,167,150,112,156,48,147,54,146,111,140,81,92,259,121,95,191,160,285,190,2,195,177,200,182,98,224,198,42,243,213,195,183,45,117,82,173,241,224,213,110,237,207,171,147,188,153,129,138,108,183,165,10,256,241,182,118,143,96,266,272,34,195,151,189,180,168,160,228,161
2019-09-08,23,238,216,167,143,243,166,21,143,102,149,198,0,130,151,103,217,135,128,109,161,68,160,217,173,188,141,260,163,56,209,150,124,162,124,41,162,67,155,100,149,90,110,200,131,118,193,174,260,202,2,165,179,188,174,82,228,189,35,228,207,227,140,26,131,69,202,188,204,224,93,226,172,165,133,160,145,155,139,97,194,187,74,253,240,112,110,117,83,162,0,48,155,138,123,244,196,112,207,166
2019-09-15,18,179,90,135,119,205,112,16,124,121,147,134,1,79,122,81,184,103,90,96,153,49,135,181,114,166,120,119,152,47,133,89,79,95,162,34,86,16,125,82,72,63,84,133,100,80,100,124,125,152,2,122,121,169,94,50,137,118,30,198,134,149,134,20,81,64,167,175,155,117,53,122,97,124,122,104,127,123,103,96,100,85,53,173,128,77,61,0,57,146,169,29,97,103,92,208,123,102,110,100
2019-09-22,19,160,0,110,109,185,128,17,70,81,130,133,3,101,101,75,172,108,77,80,137,53,106,0,134,111,101,110,137,28,112,74,66,68,100,31,86,29,0,70,98,77,101,138,76,73,147,155,141,149,0,116,85,146,98,50,144,116,28,137,149,107,121,10,72,55,200,127,109,97,75,168,106,92,106,112,115,102,77,63,92,71,59,157,155,89,61,88,71,100,100,25,130,80,95,161,137,82,131,114
2019-09-29,17,59,88,86,84,127,74,18,69,91,104,83,4,87,98,57,112,64,62,64,99,67,88,92,113,92,59,69,80,54,99,60,67,102,74,21,64,32,76,57,73,53,88,84,58,63,85,92,124,103,1,66,83,70,88,58,107,75,34,102,50,108,94,19,42,41,140,134,69,74,53,121,92,87,88,90,86,110,77,61,63,77,38,127,89,72,70,61,47,84,126,29,53,50,80,109,92,76,79,100
2019-10-06,13,201,159,138,112,218,135,27,105,137,199,151,4,145,153,96,147,201,124,123,124,82,116,235,245,108,132,115,167,51,187,85,125,115,192,61,127,37,163,100,98,97,164,141,123,114,153,182,215,193,0,149,193,170,197,100,140,168,35,239,190,192,128,31,124,83,147,159,166,143,123,169,182,152,137,185,163,215,128,98,121,80,69,204,135,159,108,120,71,136,192,44,126,106,120,240,190,131,124,132
2019-10-13,9,164,201,138,120,137,121,20,93,103,158,149,1,115,120,85,142,133,80,83,189,50,141,157,197,149,124,189,129,42,142,107,123,93,164,48,96,24,162,92,115,76,114,203,107,74,165,122,166,148,1,119,92,190,155,78,188,132,39,143,140,161,113,23,103,56,136,113,140,120,0,203,139,90,109,139,135,165,112,83,100,96,63,178,193,141,81,110,99,123,132,39,148,93,103,231,120,101,128,145
2019-10-20,20,100,102,93,90,162,88,25,78,76,122,98,1,103,105,80,160,107,79,72,155,37,134,111,143,117,88,117,165,34,125,81,79,79,130,52,66,21,116,85,67,74,104,132,56,78,129,119,144,111,0,155,59,142,141,62,133,98,26,117,100,127,108,15,89,51,115,99,129,95,82,137,116,100,102,106,88,127,82,126,100,78,4,159,137,76,71,98,76,95,169,20,95,68,124,0,133,69,95,93
2019-10-27,15,266,205,217,176,280,240,42,114,150,190,190,2,165,168,111,251,195,180,116,294,71,223,219,263,236,151,228,180,52,222,198,156,152,198,61,157,67,192,110,161,91,158,292,130,103,240,187,283,142,2,256,193,299,202,79,231,265,50,203,223,211,148,37,99,71,165,298,140,212,95,219,218,192,167,198,157,228,187,159,219,178,78,204,238,167,131,178,116,185,268,39,210,152,184,189,230,121,189,208
2019-11-03,22,105,138,99,85,125,111,23,73,65,102,75,4,123,100,82,114,91,87,61,142,64,122,119,145,103,105,119,85,47,144,115,91,58,83,46,130,72,98,76,90,54,105,122,84,72,133,90,166,114,0,84,122,134,104,88,126,115,59,121,131,152,87,32,83,63,107,121,99,116,55,135,97,73,77,76,79,92,91,91,148,108,67,157,139,90,70,99,102,107,132,35,95,74,116,90,83,98,115,111
2019-11-10,20,196,173,163,160,192,165,28,157,140,190,182,5,207,178,147,161,138,155,105,168,77,171,291,192,200,181,295,152,70,237,160,129,114,214,49,145,62,149,95,121,84,148,181,0,87,183,157,275,217,1,191,208,229,148,89,223,197,50,198,232,199,185,31,122,88,187,166,227,206,82,203,219,163,183,176,120,179,100,124,186,200,79,195,254,129,137,140,140,256,248,41,166,163,171,254,200,123,162,184
2019-11-17,22,248,194,148,135,242,210,27,155,152,171,168,1,155,146,146,246,139,144,172,242,78,199,216,222,239,193,201,150,75,189,179,136,113,154,78,178,52,164,108,141,88,145,243,125,104,171,170,264,228,0,195,196,237,192,83,224,0,58,208,234,220,211,39,168,70,212,172,145,189,104,239,210,171,149,180,139,155,187,129,239,160,100,237,183,123,159,140,126,247,268,40,177,147,200,240,156,140,218,192
2019-11-24,21,212,190,141,122,150,189,38,131,121,139,151,2,133,124,115,196,157,139,101,152,78,150,181,162,196,116,124,125,61,133,107,109,96,160,74,116,46,144,111,126,64,99,213,99,81,0,130,159,163,3,175,161,186,160,70,154,143,40,150,123,158,159,31,133,62,156,117,183,146,88,213,181,120,105,155,117,144,120,76,118,94,95,163,179,82,148,106,128,177,214,39,131,114,168,206,168,136,169,166
2019-12-01,33,217,242,164,147,233,216,37,164,215,235,218,1,173,203,183,233,226,183,132,166,110,201,286,206,254,190,205,210,80,211,179,186,111,171,118,244,77,148,151,171,129,157,192,161,111,176,201,299,295,4,227,260,264,207,126,231,161,66,207,179,299,191,50,193,104,205,0,231,181,134,276,226,135,115,0,151,129,164,120,177,112,133,207,289,142,121,141,148,275,290,58,190,135,0,280,205,227,227,244
2019-12-08,14,137,129,114,123,127,95,21,113,100,153,88,2,69,123,103,140,94,86,92,143,64,107,188,176,160,97,142,105,54,135,68,98,0,155,46,134,37,93,80,84,67,90,144,109,80,97,93,174,167,3,126,127,104,86,74,156,118,43,128,175,144,121,24,112,55,99,97,147,120,64,166,89,76,94,130,99,99,113,113,125,72,62,117,150,78,75,94,67,100,178,25,112,105,121,195,139,114,147,124
2019-12-15,23,98,90,99,69,115,94,25,73,74,80,98,5,76,87,73,91,73,67,56,135,60,96,66,77,84,92,102,70,52,100,69,0,58,108,51,95,39,88,66,70,56,79,100,92,65,97,72,138,107,1,0,111,120,75,84,78,89,46,76,86,88,93,26,68,58,144,0,72,116,48,112,61,81,62,87,63,88,70,69,89,102,57,100,121,75,88,82,86,80,89,34,79,73,104,118,116,103,96,86
2019-12-22,37,243,192,179,140,211,161,41,170,172,143,152,6,174,147,148,180,175,160,145,200,128,199,230,220,187,184,200,156,98,204,112,139,123,200,84,221,90,199,155,161,0,109,214,171,137,168,170,174,222,6,161,243,196,174,97,209,187,53,230,190,219,202,50,163,111,216,145,197,180,94,203,151,155,149,184,144,143,169,98,180,171,95,176,212,150,139,151,154,209,197,48,158,150,163,222,197,201,241,220
2019-12-29,20,182,109,163,98,142,161,27,146,116,120,107,4,163,144,117,139,111,144,85,172,80,143,179,126,120,146,136,126,70,154,122,129,81,149,55,152,50,161,100,101,84,90,171,126,109,154,115,176,174,1,109,145,167,140,94,107,145,47,134,161,165,158,37,114,94,146,113,155,145,79,192,116,113,98,125,92,140,119,99,114,128,83,139,167,106,132,99,93,172,170,50,167,117,141,190,161,147,137,160
2020-01-05,26,187,171,164,113,146,179,20,130,138,155,172,5,133,116,113,143,134,135,111,203,76,146,155,183,206,167,189,100,86,148,101,138,88,148,90,156,46,186,94,122,77,101,191,100,85,189,103,159,137,3,147,144,197,147,76,191,158,50,152,143,169,148,41,121,64,128,124,111,196,87,218,140,140,107,153,121,170,146,91,141,126,93,157,200,154,110,132,119,134,178,30,161,136,170,144,178,133,158,129
2020-01-12,17,144,124,108,84,96,146,26,134,112,121,121,3,79,100,90,110,71,110,60,103,67,122,164,118,145,107,102,94,56,140,71,107,88,157,39,118,39,147,76,93,60,100,114,85,69,143,94,143,146,0,127,118,160,122,51,135,102,31,116,106,139,132,30,117,72,99,129,103,125,64,150,100,126,86,140,86,106,114,72,106,78,64,84,144,130,110,107,95,120,140,34,120,84,133,185,143,111,136,130
2020-01-19,31,207,148,158,135,152,209,37,122,103,170,180,7,169,136,112,174,155,163,145,200,104,182,233,179,217,182,167,153,76,199,177,160,107,203,54,135,58,182,110,110,98,124,202,138,123,207,149,258,234,1,191,215,230,192,111,192,187,58,191,212,202,202,37,183,67,186,211,172,192,90,192,159,129,115,132,113,169,116,108,184,142,117,264,219,193,93,164,127,176,216,50,215,112,178,255,199,161,187,191
2020-01-26,32,121,72,99,78,105,80,31,70,93,99,110,3,80,82,77,112,100,87,84,127,104,103,116,94,84,106,105,76,67,95,80,91,67,132,61,106,75,128,80,85,58,95,124,78,82,114,93,117,118,1,81,91,92,117,89,119,92,42,77,102,122,120,40,102,62,143,93,114,101,34,110,139,91,90,132,100,92,85,61,121,75,88,130,104,100,64,76,73,85,122,41,92,74,109,132,116,130,101,111
2020-02-02,28,232,189,193,124,168,217,36,124,138,194,190,9,143,165,127,157,164,172,96,211,103,244,180,190,251,185,165,147,62,177,146,141,118,162,87,195,81,209,134,175,99,154,229,155,113,219,151,124,208,1,197,184,226,173,90,199,183,39,180,185,208,192,53,147,79,156,165,189,176,56,219,196,150,153,150,172,180,195,117,193,165,123,218,206,162,113,149,147,131,162,50,198,107,137,217,215,175,190,187
2020-02-09,32,206,127,111,119,128,171,35,0,146,151,159,2,154,167,105,140,126,156,93,168,99,172,223,172,181,180,166,125,66,162,100,191,93,179,72,185,57,193,101,156,101,126,189,112,111,175,161,133,225,0,176,174,193,171,118,179,0,44,0,207,193,170,39,133,68,157,129,116,145,60,177,167,128,100,141,100,121,119,94,149,100,96,189,181,137,97,106,123,131,188,38,183,81,119,208,180,166,152,206
2020-02-16,17,125,125,125,79,120,149,23,80,102,117,118,5,107,105,74,100,113,92,95,118,81,150,108,124,134,111,110,103,41,160,93,110,84,141,50,105,50,100,85,87,65,115,133,92,103,90,105,122,159,0,112,121,145,123,70,123,104,34,106,121,141,145,37,67,58,116,102,159,105,49,114,135,121,92,118,109,123,95,75,98,0,63,135,131,100,69,97,66,90,138,33,101,55,104,149,153,144,130,144
2020-02-23,23,193,122,99,133,139,170,33,99,140,146,140,3,175,145,112,156,108,140,75,212,104,137,147,164,181,143,184,137,63,174,114,144,82,169,74,184,46,144,100,95,97,128,169,121,99,152,183,160,145,3,164,116,174,154,103,194,167,45,160,140,161,180,32,134,86,175,153,194,135,61,171,181,100,107,159,128,142,132,97,163,133,103,200,148,136,86,100,92,117,182,49,152,100,154,211,151,165,188,190
2020-03-01,22,207,174,153,152,0,181,23,115,138,187,191,4,170,147,123,125,144,153,83,229,113,207,237,236,200,142,187,143,73,168,121,138,128,194,78,212,68,155,125,138,87,158,222,141,134,173,148,178,181,2,195,165,214,179,109,207,158,56,170,174,188,223,48,157,84,192,196,187,200,49,247,224,149,131,156,156,156,146,97,198,161,132,231,218,160,110,149,130,191,193,47,175,123,109,141,199,154,212,180
2020-03-08,30,121,112,108,79,82,110,15,78,106,91,122,3,90,107,90,103,112,115,63,81,86,96,99,0,124,104,106,89,68,152,81,91,79,102,51,121,69,119,79,74,54,98,0,95,69,111,74,105,96,0,96,89,123,110,92,98,102,50,78,128,133,93,40,83,59,127,110,116,96,38,85,91,99,80,89,98,108,98,63,118,69,67,130,129,100,73,102,75,109,117,39,82,68,95,108,91,126,128,119
2020-03-15,20,166,139,159,116,122,150,24,173,128,163,150,4,123,137,98,128,170,156,93,180,103,207,132,234,205,168,156,134,53,213,121,174,122,155,59,171,44,214,110,111,65,170,164,112,100,164,138,174,137,4,192,176,194,177,106,171,143,39,153,198,185,195,36,147,94,179,165,162,135,89,224,162,134,169,103,105,132,122,91,171,97,105,193,172,149,130,146,100,152,175,39,147,140,113,175,161,154,168,157
2020-03-22,22,152,181,127,104,140,127,13,136,128,159,162,7,127,120,97,110,118,107,85,150,92,161,184,181,153,138,182,109,60,194,117,110,88,134,54,144,46,172,91,94,44,136,160,99,100,162,141,190,147,2,133,129,166,131,77,145,134,34,136,154,138,129,29,100,66,114,114,159,157,67,187,117,110,92,125,124,100,88,80,139,140,69,146,145,101,111,106,104,144,176,37,144,83,139,163,148,123,149,134
2020-03-29,13,112,111,103,96,108,90,11,72,89,116,92,4,90,100,75,82,95,81,61,110,75,100,138,107,104,86,89,76,44,100,83,82,74,111,31,96,45,116,55,74,50,77,106,80,69,89,80,104,68,1,109,109,133,116,58,100,95,25,98,116,100,92,24,72,0,110,100,98,95,43,128,84,105,70,96,91,103,76,56,103,81,64,86,98,76,86,69,72,104,110,20,83,82,106,100,122,100,118,107
2020-04-05,9,106,117,93,86,113,101,15,77,86,93,95,3,97,83,80,87,95,104,58,110,78,101,127,138,102,105,124,87,62,150,76,110,87,112,30,116,37,122,60,61,50,90,122,90,0,114,111,153,90,1,99,102,132,101,59,91,89,26,94,122,115,95,26,83,45,100,81,106,102,63,100,83,106,92,106,103,92,74,73,123,58,50,98,98,113,84,115,68,131,112,30,75,88,125,119,112,99,82,97
2020-04-12,31,279,262,166,219,257,253,39,194,222,218,229,3,200,190,189,193,276,194,149,278,196,211,313,197,270,194,255,171,139,341,175,224,148,255,90,286,116,241,173,179,100,223,205,188,197,283,193,268,276,4,224,361,285,188,184,214,229,77,250,278,295,216,73,201,106,225,197,245,235,130,225,166,195,218,248,157,210,161,140,285,194,151,204,249,213,216,202,161,256,267,75,190,220,199,200,246,224,237,199
2020-04-19,33,157,133,115,113,137,144,0,110,145,132,128,6,124,123,106,123,137,150,95,174,125,169,139,125,157,109,150,112,116,152,111,99,113,100,68,172,87,144,113,115,75,131,155,122,91,167,109,194,158,2,140,214,144,149,136,145,133,69,98,145,139,94,53,82,74,148,129,140,116,0,97,101,129,116,130,101,122,101,96,120,133,134,143,182,150,115,0,85,155,150,66,109,127,146,131,155,169,158,157
2020-04-26,20,217,177,185,171,180,199,22,114,0,192,177,3,166,144,146,188,147,169,120,253,120,205,217,171,246,134,234,178,81,200,151,151,126,179,43,202,58,194,122,152,106,175,217,128,134,202,144,224,200,4,225,245,252,192,105,177,226,48,140,236,226,148,58,129,80,140,159,203,160,94,149,132,171,151,192,157,195,125,108,179,154,106,186,226,158,185,176,110,214,196,43,143,141,179,166,209,0,181,191
2020-05-03,26,193,161,181,154,163,197,20,133,160,114,135,1,177,124,103,128,145,130,104,183,103,175,212,213,143,113,184,107,70,189,138,154,113,174,54,188,75,136,97,142,91,136,206,123,143,195,123,156,186,4,158,246,189,159,102,179,188,44,117,203,202,109,52,147,75,183,142,123,182,100,140,107,137,137,169,114,147,142,92,194,118,106,159,157,147,167,146,93,142,169,47,95,156,128,178,140,177,154,161
2020-05-10,22,211,169,163,140,183,152,12,121,146,142,111,2,177,168,129,149,180,128,101,153,88,151,131,186,197,127,173,122,54,205,148,125,117,106,53,170,69,177,126,136,82,164,182,128,101,185,119,171,168,6,179,204,202,166,85,135,200,37,204,176,210,140,51,146,60,169,151,150,181,83,145,119,152,133,160,116,149,140,114,170,158,100,181,193,150,161,131,87,182,190,42,158,117,143,190,170,187,176,140
2020-05-17,22,131,151,162,139,141,158,11,115,143,133,123,5,157,118,99,162,120,141,88,194,94,131,168,191,138,129,146,124,56,196,94,118,106,149,48,136,46,171,98,118,70,133,175,89,114,174,119,163,159,2,172,168,155,163,82,171,185,45,208,201,177,104,27,108,75,128,150,128,177,80,148,147,148,117,186,97,148,123,102,138,96,86,191,175,144,99,100,93,129,169,33,133,114,144,187,176,143,126,123
2020-05-24,18,191,152,148,143,109,120,12,78,140,122,121,1,143,136,106,109,150,99,92,153,87,128,191,171,174,137,176,111,49,173,73,123,96,113,27,143,52,116,81,112,80,107,171,98,97,149,121,192,180,1,97,155,180,136,78,182,150,46,191,158,131,89,0,95,53,79,119,90,150,79,111,137,132,0,122,97,120,110,86,111,75,81,176,175,100,120,114,74,161,140,25,97,112,124,161,136,156,146,122
2020-05-31,9,55,60,50,47,47,57,8,45,55,54,54,5,44,47,54,46,65,54,37,71,30,0,32,49,65,52,47,38,36,48,41,34,53,54,19,63,36,42,38,43,31,78,65,34,43,57,53,79,72,3,61,71,70,47,55,58,58,27,39,43,46,44,22,45,28,60,36,56,36,22,55,50,52,42,61,49,51,39,41,54,38,25,38,65,57,39,45,28,47,50,13,52,49,48,70,55,80,68,65
2020-06-07,19,131,129,131,88,87,94,10,117,127,101,107,3,100,115,74,83,95,85,75,146,92,118,124,159,149,135,104,89,56,159,94,97,99,129,29,169,70,160,78,82,71,97,135,78,66,85,93,113,145,1,123,124,150,121,108,113,95,39,152,123,123,143,46,106,60,110,100,116,97,54,159,106,102,87,93,89,96,82,77,126,90,89,93,134,100,87,93,67,147,134,22,101,89,90,168,137,151,140,125
2020-06-14,19,176,137,107,115,111,125,20,139,138,98,123,3,117,116,91,109,103,111,91,175,98,139,142,168,178,100,161,113,69,185,100,111,94,121,42,183,103,163,78,100,72,117,181,108,112,150,106,209,144,0,139,142,150,146,104,123,138,48,152,129,159,125,44,125,61,124,141,154,174,65,174,120,104,94,155,109,116,91,84,128,118,121,148,161,122,96,129,83,168,124,34,127,108,133,178,169,156,147,121
2020-06-21,35,268,235,190,189,181,201,28,193,214,189,227,4,166,171,137,177,246,171,156,307,165,229,225,300,288,266,258,155,123,259,177,190,133,238,68,276,132,251,130,188,114,200,314,192,158,219,149,318,276,2,210,313,239,217,169,239,224,88,228,283,262,214,67,180,125,170,180,224,264,111,276,229,200,153,195,185,204,170,135,223,203,193,305,226,214,229,163,154,296,276,58,214,214,192,272,226,248,200,210
2020-06-28,21,162,147,112,126,129,152,14,153,133,132,159,1,148,130,112,139,113,143,95,186,118,175,126,192,189,157,148,135,76,179,118,154,94,138,50,130,74,146,81,106,62,105,149,115,121,146,129,140,168,3,149,162,200,163,86,130,160,49,166,140,178,156,49,121,73,111,141,156,143,95,174,127,130,112,103,130,162,98,103,185,151,125,0,129,153,102,130,103,166,164,39,137,128,113,112,174,167,119,163
2020-07-05,21,170,156,125,114,150,188,26,115,137,154,161,5,148,116,124,169,139,151,94,210,106,186,136,143,186,186,179,127,0,242,101,146,106,160,56,200,0,184,97,138,72,100,184,123,121,163,139,194,201,1,167,218,233,194,101,164,208,53,194,201,224,170,42,146,95,166,156,173,212,83,227,153,147,115,118,101,142,121,93,184,166,100,199,145,126,141,155,78,0,187,45,146,129,146,128,174,159,191,160
2020-07-12,15,104,88,84,60,66,71,23,45,85,72,103,3,70,68,60,89,61,80,67,100,98,96,65,64,109,104,94,67,56,116,65,78,69,92,36,77,50,92,54,49,48,88,117,74,78,79,69,131,88,2,89,82,141,113,79,97,66,46,105,93,90,73,0,69,41,100,93,99,90,50,105,84,88,74,76,65,94,83,54,104,92,71,123,84,72,71,70,64,105,108,34,96,59,95,76,96,102,91,70
2020-07-19,36,224,190,211,118,182,168,0,147,203,211,189,6,146,125,161,170,151,123,130,154,156,217,248,207,247,219,250,128,132,254,192,173,108,221,105,218,108,209,129,146,114,165,234,140,158,158,132,205,237,8,174,182,269,200,143,277,208,78,215,209,248,208,68,126,89,135,192,226,200,123,260,239,227,141,174,169,129,140,125,230,167,158,264,211,228,172,122,134,274,247,61,216,159,194,230,215,248,228,173
2020-07-26,40,247,292,234,139,206,189,39,157,174,131,180,7,172,157,138,192,124,157,116,287,204,272,189,241,259,268,255,191,143,249,161,257,129,220,70,228,129,203,144,151,96,180,282,155,150,278,144,228,256,8,191,225,295,196,190,287,209,82,281,265,264,218,82,144,113,144,242,222,211,121,253,183,183,142,166,134,131,126,102,257,169,146,234,238,166,186,155,142,193,300,81,247,162,192,190,254,265,248,201
2020-08-02,43,213,146,191,147,239,150,27,132,138,191,201,5,164,151,165,148,154,190,94,238,184,250,197,174,246,184,190,152,84,242,157,204,153,211,64,214,144,224,136,141,94,183,245,182,155,173,136,192,179,2,147,204,185,186,178,207,201,76,244,227,211,184,63,91,109,171,146,222,243,82,190,227,154,141,142,124,127,121,126,205,194,156,250,224,138,131,121,139,229,232,60,219,151,185,193,191,212,208,218
2020-08-09,21,138,117,116,80,142,133,18,110,80,121,150,6,113,109,100,133,87,99,58,191,81,0,138,81,169,109,137,124,70,128,103,99,85,112,35,134,84,142,94,89,51,103,162,88,85,132,86,125,108,3,128,120,180,153,83,114,127,43,127,95,140,109,39,80,50,149,120,136,132,67,155,106,99,109,120,91,81,77,76,155,128,89,152,120,100,86,79,86,130,145,32,119,97,105,127,140,109,106,142
2020-08-16,42,0,136,135,115,211,178,30,93,140,130,156,4,123,123,95,187,125,127,66,250,136,169,161,134,229,139,131,148,81,162,141,142,109,129,56,174,97,203,96,121,66,145,226,130,0,209,163,157,153,0,176,162,0,185,136,137,136,73,157,169,175,135,54,91,75,228,154,181,161,88,141,172,161,125,130,113,102,102,84,194,130,125,150,146,117,146,138,119,137,165,55,157,111,136,185,216,162,165,159
2020-08-23,36,128,76,105,83,106,99,30,99,54,90,109,7,79,97,87,109,75,107,73,141,90,86,106,77,108,87,94,70,70,124,70,98,63,129,56,134,113,117,65,86,42,99,98,110,61,100,82,83,107,6,115,120,128,107,125,84,95,59,93,72,101,92,53,75,54,122,89,99,110,71,115,103,94,76,104,77,49,69,69,156,89,87,82,81,101,72,57,91,128,108,62,91,98,71,113,148,118,103,110
2020-08-30,42,179,150,108,108,153,131,18,105,64,124,143,4,135,102,102,130,105,107,91,160,133,95,159,94,110,115,94,81,98,129,66,122,117,117,70,176,78,143,103,104,51,79,137,93,94,164,81,134,154,3,110,159,103,156,133,123,153,62,158,128,179,135,43,123,64,128,99,180,127,77,163,107,0,112,141,111,98,84,68,163,133,106,137,159,97,131,110,87,105,157,53,145,104,101,181,162,134,142,89
2020-09-06,45,196,233,171,178,215,161,35,154,111,180,212,6,152,146,132,204,178,175,131,317,180,203,228,199,252,195,249,155,120,244,181,190,135,201,81,249,151,154,136,186,78,206,287,143,119,247,113,249,236,1,223,258,235,226,152,203,251,96,179,262,261,228,64,183,90,197,223,210,0,109,249,217,185,197,199,166,197,152,113,278,138,191,218,273,146,143,179,132,219,239,67,225,151,145,268,251,173,239,187
2020-09-13,23,131,119,103,101,124,119,15,113,60,108,96,8,93,88,60,172,102,99,74,137,105,142,154,110,177,103,96,112,66,152,121,106,84,110,65,99,69,122,75,96,47,121,126,104,94,123,103,127,107,2,146,137,139,151,100,78,129,55,140,127,147,107,42,99,63,100,144,100,119,73,110,131,114,103,115,89,136,121,71,140,124,74,101,132,101,96,0,76,122,128,44,139,89,100,140,157,92,125,104
2020-09-20,54,202,190,154,149,201,201,21,125,146,175,166,6,0,129,117,221,162,146,151,209,170,182,232,161,183,176,164,163,121,215,143,157,148,209,83,203,115,190,132,171,64,166,247,150,177,159,167,210,193,2,176,213,230,224,178,161,187,82,159,235,219,185,65,151,103,151,190,209,188,126,185,196,161,197,177,164,170,199,98,241,146,155,222,200,155,173,145,114,175,197,78,161,163,139,243,219,161,212,201
2020-09-27,49,208,134,133,160,192,144,31,0,134,155,188,7,161,133,97,218,142,143,97,257,131,149,198,150,157,155,154,187,102,198,107,162,96,206,85,123,92,194,106,109,69,141,216,106,124,201,170,145,188,4,234,174,179,242,117,137,172,64,184,178,183,122,51,138,80,155,198,196,169,99,184,181,175,115,142,136,167,184,90,205,125,126,220,182,99,135,95,136,137,192,61,176,141,151,211,220,128,203,169
2020-10-04,51,100,161,129,91,179,150,37,77,83,145,158,8,117,97,83,152,112,117,101,193,126,158,160,139,150,134,170,116,108,153,107,131,92,164,88,133,108,149,83,127,62,105,143,107,102,136,102,174,119,1,149,164,140,102,117,173,144,73,163,151,166,137,60,95,65,107,120,148,134,40,193,147,105,115,115,82,127,84,63,186,98,100,185,158,101,115,137,115,149,183,53,188,81,116,117,167,169,147,154
2020-10-11,46,137,125,111,96,174,128,17,82,124,92,110,2,104,89,71,138,118,100,100,127,107,126,123,126,107,108,90,123,69,139,76,103,117,0,47,133,74,127,79,86,68,147,165,92,104,85,112,140,134,4,121,126,168,175,106,114,137,64,129,147,159,128,38,116,0,146,169,158,143,49,127,144,92,100,146,92,110,125,63,137,71,76,161,116,101,101,130,109,112,187,61,128,65,95,158,137,145,113,147
2020-10-18,32,112,111,95,89,148,101,32,58,108,67,114,6,85,91,63,137,80,88,103,171,86,101,141,122,110,88,0,110,60,138,70,88,75,113,49,119,63,88,74,95,65,112,134,73,99,101,111,131,86,2,142,121,144,127,91,100,110,40,104,120,126,111,29,93,48,103,87,97,112,30,82,104,76,84,114,63,100,0,44,90,81,70,149,100,94,83,61,82,124,141,48,82,74,76,83,150,108,122,131
2020-10-25,43,169,164,149,135,199,135,28,111,118,152,150,5,115,124,116,172,130,127,136,208,134,147,188,224,137,130,122,133,91,175,101,183,101,146,70,187,107,161,110,148,93,148,209,117,137,129,129,157,119,4,184,177,215,166,137,210,187,73,239,175,207,177,50,147,80,160,145,168,127,52,174,151,160,135,168,104,166,106,67,136,106,109,204,127,124,149,93,138,194,197,59,132,95,99,157,191,154,137,150
2020-11-01,51,202,237,206,174,285,199,55,123,181,200,236,13,205,201,157,266,196,178,146,312,171,282,309,230,230,162,282,194,138,261,156,208,161,215,94,250,0,232,151,201,84,221,297,125,170,242,174,218,164,2,253,226,289,202,191,246,235,87,287,182,200,215,68,196,99,195,215,250,222,76,235,184,190,175,197,176,225,182,84,244,187,148,271,189,177,201,146,186,207,216,80,272,107,185,195,261,194,182,223
2020-11-08,57,255,234,205,177,233,238,50,162,100,252,265,15,211,238,153,294,247,200,197,318,202,259,285,233,265,182,325,193,150,256,177,224,165,253,120,210,170,261,183,224,119,246,336,202,135,235,163,268,191,5,297,243,306,272,161,275,284,108,263,244,272,219,71,211,108,325,242,291,243,79,265,291,200,198,250,156,253,209,87,309,0,167,326,237,177,196,133,176,332,257,93,222,106,232,238,292,246,226,194
2020-11-15,31,85,89,91,61,130,85,20,56,72,61,76,3,80,79,73,138,89,66,61,121,78,81,74,81,104,57,90,93,55,58,72,85,60,80,49,69,66,75,53,74,48,90,100,58,68,93,65,117,68,3,92,77,97,105,56,94,76,43,52,77,96,63,24,48,29,71,65,118,106,38,95,55,80,58,73,40,87,85,44,105,69,70,108,77,65,60,80,68,88,69,44,83,49,96,59,76,93,78,98
2020-11-22,31,175,130,146,117,218,164,38,104,147,138,146,5,139,119,109,212,139,140,89,250,106,253,118,168,226,113,201,159,86,124,118,160,121,155,98,158,83,140,102,132,92,175,179,85,95,165,132,244,125,1,175,176,183,161,113,186,160,80,171,164,147,129,41,129,77,158,162,183,159,93,218,98,109,161,117,107,168,159,80,158,161,99,217,200,130,119,130,158,194,171,60,161,154,141,153,189,125,135,177
2020-11-29,35,138,175,147,109,166,161,25,83,143,118,126,7,116,134,92,168,145,119,111,186,108,181,193,201,193,112,154,115,72,86,103,106,102,110,79,163,79,133,116,95,80,146,232,109,118,164,101,206,109,0,162,154,190,140,99,152,167,51,166,128,175,135,32,153,74,117,191,164,149,83,150,111,82,102,0,83,142,117,69,136,108,89,180,187,114,88,126,132,181,141,52,193,125,150,125,183,148,138,180
2020-12-06,33,135,147,117,101,187,205,31,117,133,119,145,6,123,143,102,184,165,162,89,220,113,205,168,107,169,115,169,128,77,155,123,115,132,144,99,122,73,146,86,156,84,141,219,84,112,161,121,145,141,1,181,159,198,149,101,144,136,51,169,171,152,151,46,109,60,151,186,159,176,98,206,128,162,113,137,87,146,116,66,180,116,103,198,161,85,130,159,92,183,203,56,150,159,123,170,196,134,163,166
2020-12-13,37,198,197,180,0,228,151,33,153,156,186,148,8,157,151,136,209,236,147,117,207,149,182,165,154,216,141,225,136,104,173,174,161,93,185,132,163,98,160,122,146,111,207,258,152,138,165,148,0,170,2,188,100,249,149,133,218,213,85,199,166,191,177,58,104,85,237,180,208,143,121,208,135,117,133,191,124,189,153,96,232,139,139,246,165,141,154,169,128,168,231,65,175,170,204,168,225,206,159,186
2020-12-20,54,229,201,183,160,288,189,53,142,198,246,188,12,200,248,116,242,270,205,148,313,199,257,217,268,324,166,264,178,132,164,167,214,152,258,120,298,135,174,156,196,116,229,268,185,176,272,182,259,167,3,171,249,335,199,198,229,320,92,100,234,240,200,82,171,109,281,235,266,224,140,283,191,222,188,158,129,173,233,108,345,168,156,281,238,177,184,191,141,306,274,84,268,208,222,300,266,217,228,226
2020-12-27,60,119,114,130,90,135,148,49,80,117,117,139,10,126,105,68,81,136,122,71,173,134,140,108,130,159,99,127,72,132,120,77,120,81,100,93,115,137,123,111,111,63,100,111,85,114,154,91,153,101,3,97,182,0,98,114,144,154,83,133,155,154,132,44,105,58,137,100,138,164,81,156,108,113,82,123,88,96,84,72,170,86,153,155,135,94,0,82,107,160,151,53,132,94,60,110,131,122,141,151
